Y2EC35827,WCEarlyAIT,WCEarlyAIT,0,11/3/2020 8:10
Y97C87657,WCEarlyAIT,WCEarlyAIT,0,11/3/2020 8:10
Y97C87355,WCEarlyAIT,WCEarlyAIT,0,11/3/2020 8:10
Y2EC33493,WCEarlyAIT,WCEarlyAIT,0,11/3/2020 8:10
Y95C80605,WCEarlyAIT,WCEarlyAIT,0,11/3/2020 8:10
Y97C87697,WCEarlyAIT,WCEarlyAIT,0,11/3/2020 8:10
Y2EC36193,WCEarlyAIT,WCEarlyAIT,0,11/3/2020 8:10
Y97C87681,WCEarlyAIT,WCEarlyAIT,70,11/3/2020 8:10
Y97C87694,WCEarlyAIT,WCEarlyAIT,0,11/3/2020 8:10
Y2EC33490,WCEarlyAIT,WCEarlyAIT,0,11/3/2020 8:10
Y2EC33836,WCEarlyAIT,WCEarlyAIT,70,11/3/2020 8:10
Y2EC35072,WCEarlyAIT,WCEarlyAIT,0,11/3/2020 8:10
Y95C80584,WCEarlyAIT,WCEarlyAIT,70,11/3/2020 8:10
Y95C80677,WCEarlyAIT,WCEarlyAIT,0,11/3/2020 8:10
Y95C80668,WCEarlyAIT,WCEarlyAIT,0,11/3/2020 8:10
Y95C80557,WCEarlyAIT,WCEarlyAIT,0,11/3/2020 8:10
Y97C87604,WCEarlyAIT,WCEarlyAIT,0,11/3/2020 8:10
Y95C80436,WCEarlyAIT,WCEarlyAIT,0,11/3/2020 8:10
Y95C80503,WCEarlyAIT,WCEarlyAIT,0,11/3/2020 8:10
Y2EC36129,WCEarlyAIT,WCEarlyAIT,0,11/3/2020 8:10
Y2EC34347,WCEarlyAIT,WCEarlyAIT,0,11/3/2020 8:10
Y2EC35907,WCEarlyAIT,WCEarlyAIT,0,11/3/2020 8:10
Y95C80659,WCEarlyAIT,WCEarlyAIT,0,11/3/2020 8:10
Y2EC34960,WCEarlyAIT,WCEarlyAIT,0,11/3/2020 8:10
Y2EC35073,WCEarlyAIT,WCEarlyAIT,0,11/3/2020 8:10
Y95C80114,WCEarlyAIT,WCEarlyAIT,0,11/3/2020 8:10
Y2EC36128,WCEarlyAIT,WCEarlyAIT,0,11/3/2020 8:10
Y2ZC26442,WCEarlyAIT,WCEarlyAIT,0,11/3/2020 8:10
Y97C87466,WCEarlyAIT,WCEarlyAIT,70,11/3/2020 8:10
Y97C87678,WCEarlyAIT,WCEarlyAIT,0,11/3/2020 8:10
Y95C80760,WCEarlyAIT,WCEarlyAIT,0,11/3/2020 8:10
Y2EC33486,WCEarlyAIT,WCEarlyAIT,0,11/3/2020 8:10
Y97C87298,WCEarlyAIT,WCEarlyAIT,0,11/3/2020 8:10
Y2ZC26685,WCEarlyAIT,WCEarlyAIT,0,11/3/2020 8:10
Y97C87424,WCEarlyAIT,WCEarlyAIT,0,11/3/2020 8:10
Y2EC32214,WCEarlyAIT,WCEarlyAIT,0,11/3/2020 8:10
Y97C86536,WCEarlyAIT,WCEarlyAIT,0,11/3/2020 8:10
Y97C87594,WCEarlyAIT,WCEarlyAIT,0,11/3/2020 8:10
Y95C80746,WCEarlyAIT,WCEarlyAIT,0,11/3/2020 8:10
Y97C87650,WCEarlyAIT,WCEarlyAIT,0,11/3/2020 8:10
Y97C87692,WCEarlyAIT,WCEarlyAIT,0,11/3/2020 8:10
Y2EC36159,WCEarlyAIT,WCEarlyAIT,0,11/3/2020 8:10
Y2EC36056,WCEarlyAIT,WCEarlyAIT,0,11/3/2020 8:10
Y95C80426,WCEarlyAIT,WCEarlyAIT,0,11/3/2020 8:10
Y2EC36222,WCEarlyAIT,WCEarlyAIT,0,11/3/2020 8:10
Y95C80751,WCEarlyAIT,WCEarlyAIT,70,11/3/2020 8:10
Y2ZC26327,WCEarlyAIT,WCEarlyAIT,0,11/3/2020 8:10
Y95C80660,WCEarlyAIT,WCEarlyAIT,0,11/3/2020 8:10
Y95C80748,WCEarlyAIT,WCEarlyAIT,0,11/3/2020 8:10
Y97C87311,WCEarlyAIT,WCEarlyAIT,0,11/3/2020 8:10
Y2EC33491,WCEarlyAIT,WCEarlyAIT,0,11/3/2020 8:10
Y97C87554,WCEarlyAIT,WCEarlyAIT,0,11/3/2020 8:10
Y97C87658,WCEarlyAIT,WCEarlyAIT,0,11/3/2020 8:10
Y97C87555,WCEarlyAIT,WCEarlyAIT,0,11/3/2020 8:10
Y2EC35957,WCEarlyAIT,WCEarlyAIT,0,11/3/2020 8:10
Y95C80730,WCEarlyAIT,WCEarlyAIT,0,11/3/2020 8:10
Y2EC36151,WCEarlyAIT,WCEarlyAIT,0,11/3/2020 8:10
Y97C87656,WCEarlyAIT,WCEarlyAIT,0,11/3/2020 8:10
Y97C87293,WCEarlyAIT,WCEarlyAIT,0,11/3/2020 8:10
Y2EC35924,WCEarlyAIT,WCEarlyAIT,0,11/3/2020 8:10
Y95C80757,WCEarlyAIT,WCEarlyAIT,0,11/3/2020 8:10
Y95C80753,WCEarlyAIT,WCEarlyAIT,0,11/3/2020 8:10
Y97C87633,WCEarlyAIT,WCEarlyAIT,0,11/3/2020 8:10
Y95C80582,WCEarlyAIT,WCEarlyAIT,0,11/3/2020 8:10
Y97C87348,WCEarlyAIT,WCEarlyAIT,0,11/3/2020 8:10
Y2EC33543,WCEarlyAIT,WCEarlyAIT,70,11/3/2020 8:10
Y2ZC18805,WCEarlyAIT,WCEarlyAIT,0,11/3/2020 8:10
Y97C87586,WCEarlyAIT,WCEarlyAIT,0,11/3/2020 8:10
Y95C80597,WCEarlyAIT,WCEarlyAIT,0,11/3/2020 8:10
Y97C87645,WCEarlyAIT,WCEarlyAIT,0,11/3/2020 8:10
Y2ZC26624,WCEarlyAIT,WCEarlyAIT,0,11/3/2020 8:10
Y2EC36044,WCEarlyAIT,WCEarlyAIT,0,11/3/2020 8:10
Y97C87450,WCEarlyAIT,WCEarlyAIT,0,11/3/2020 8:10
Y95C80750,WCEarlyAIT,WCEarlyAIT,0,11/3/2020 8:10
Y97C87552,WCEarlyAIT,WCEarlyAIT,0,11/3/2020 8:10
Y97C86629,WCEarlyAIT,WCEarlyAIT,0,11/3/2020 8:10
Y2ZC26500,WCEarlyAIT,WCEarlyAIT,0,11/3/2020 8:10
Y97C87516,WCEarlyAIT,WCEarlyAIT,0,11/3/2020 8:10
Y97C87693,WCEarlyAIT,WCEarlyAIT,0,11/3/2020 8:10
Y2EC36134,WCEarlyAIT,WCEarlyAIT,70,11/3/2020 8:10
Y2EC36195,WCEarlyAIT,WCEarlyAIT,70,11/3/2020 8:10
Y2EC35731,WCEarlyAIT,WCEarlyAIT,0,11/3/2020 8:10
Y95C80752,WCEarlyAIT,WCEarlyAIT,0,11/3/2020 8:10
Y97C87568,WCEarlyAIT,WCEarlyAIT,0,11/3/2020 8:10
Y2EC33666,WCEarlyAIT,WCEarlyAIT,0,11/3/2020 8:10
Y2EC35855,WCEarlyAIT,WCEarlyAIT,70,11/3/2020 8:10
Y2EC36126,WCEarlyAIT,WCEarlyAIT,0,11/3/2020 8:10
Y2EC36212,WCEarlyAIT,WCEarlyAIT,0,11/3/2020 8:10
Y95C80735,WCEarlyAIT,WCEarlyAIT,0,11/3/2020 8:10
Y97C87721,WCEarlyAIT,WCEarlyAIT,0,11/3/2020 8:10
Y2EC35999,WCEarlyAIT,WCEarlyAIT,0,11/3/2020 8:10
Y2EC36013,WCEarlyAIT,WCEarlyAIT,0,11/3/2020 8:10
Y2EC36091,WCEarlyAIT,WCEarlyAIT,0,11/3/2020 8:10
Y2EC34804,WCEarlyAIT,WCEarlyAIT,0,11/3/2020 8:10
Y97C86877,WCEarlyAIT,WCEarlyAIT,0,11/3/2020 8:10
Y97C87387,WCEarlyAIT,WCEarlyAIT,0,11/3/2020 8:10
Y95C80108,WCEarlyAIT,WCEarlyAIT,0,11/3/2020 8:10
Y2EC36120,WCEarlyAIT,WCEarlyAIT,0,11/3/2020 8:10
Y2EC36194,WCEarlyAIT,WCEarlyAIT,0,11/3/2020 8:10
Y97C87706,WCEarlyAIT,WCEarlyAIT,0,11/3/2020 8:10
Y95C80721,WCEarlyAIT,WCEarlyAIT,0,11/3/2020 8:10
Y2EC35926,WCEarlyAIT,WCEarlyAIT,0,11/3/2020 8:10
Y97C87192,WCEarlyAIT,WCEarlyAIT,0,11/3/2020 8:10
Y2EC34010,WCEarlyAIT,WCEarlyAIT,0,11/3/2020 8:10
Y2EC35070,WCEarlyAIT,WCEarlyAIT,0,11/3/2020 8:10
Y2EC36092,WCEarlyAIT,WCEarlyAIT,0,11/3/2020 8:10
Y95C80643,WCEarlyAIT,WCEarlyAIT,0,11/3/2020 8:10
Y97C87410,WCEarlyAIT,WCEarlyAIT,0,11/3/2020 8:10
Y97C87646,WCEarlyAIT,WCEarlyAIT,0,11/3/2020 8:10
Y2EC36169,WCEarlyAIT,WCEarlyAIT,0,11/3/2020 8:10
Y97C87730,WCEarlyAIT,WCEarlyAIT,0,11/3/2020 8:10
Y2ZC26585,WCEarlyAIT,WCEarlyAIT,0,11/3/2020 8:10
Y97C87163,WCEarlyAIT,WCEarlyAIT,0,11/3/2020 8:10
Y2EC36072,WCEarlyAIT,WCEarlyAIT,0,11/3/2020 8:10
Y97C87504,WCEarlyAIT,WCEarlyAIT,0,11/3/2020 8:10
Y97C87328,WCEarlyAIT,WCEarlyAIT,0,11/3/2020 8:10
Y97C87249,WCEarlyAIT,WCEarlyAIT,0,11/3/2020 8:10
Y2EC32810,WCEarlyAIT,WCEarlyAIT,0,11/3/2020 8:10
Y2EC32307,WCEarlyAIT,WCEarlyAIT,0,11/3/2020 8:10
Y2EC34362,WCEarlyAIT,WCEarlyAIT,70,11/3/2020 8:10
Y97C87672,WCEarlyAIT,WCEarlyAIT,0,11/3/2020 8:10
Y97C87618,WCEarlyAIT,WCEarlyAIT,0,11/3/2020 8:10
Y2ZC18873,WCEarlyAIT,WCEarlyAIT,70,11/3/2020 8:10
Y2EC33105,WCEarlyAIT,WCEarlyAIT,0,11/3/2020 8:10
Y97C87375,WCEarlyAIT,WCEarlyAIT,0,11/3/2020 8:10
Y2EC36204,WCEarlyAIT,WCEarlyAIT,0,11/3/2020 8:10
Y97C86857,WCEarlyAIT,WCEarlyAIT,0,11/3/2020 8:10
Y97C87474,WCEarlyAIT,WCEarlyAIT,0,11/3/2020 8:10
Y2EC36117,WCEarlyAIT,WCEarlyAIT,0,11/3/2020 8:10
Y95C80662,WCEarlyAIT,WCEarlyAIT,0,11/3/2020 8:10
Y97C87643,WCEarlyAIT,WCEarlyAIT,0,11/3/2020 8:10
Y97C87648,WCEarlyAIT,WCEarlyAIT,0,11/3/2020 8:10
Y97C87254,WCEarlyAIT,WCEarlyAIT,0,11/3/2020 8:10
Y2EC36227,WCEarlyAIT,WCEarlyAIT,0,11/3/2020 8:10
Y95C80563,WCEarlyAIT,WCEarlyAIT,0,11/3/2020 8:10
Y97C86915,WCEarlyAIT,WCEarlyAIT,0,11/3/2020 8:10
Y97C87338,WCEarlyAIT,WCEarlyAIT,0,11/3/2020 8:10
Y97C87606,WCEarlyAIT,WCEarlyAIT,0,11/3/2020 8:10
Y2EC36184,WCEarlyAIT,WCEarlyAIT,70,11/3/2020 8:10
Y2EC36123,WCEarlyAIT,WCEarlyAIT,0,11/3/2020 8:10
Y95C80395,WCEarlyAIT,WCEarlyAIT,0,11/3/2020 8:10
Y2EC36223,WCEarlyAIT,WCEarlyAIT,70,11/3/2020 8:10
Y2EC33495,WCEarlyAIT,WCEarlyAIT,0,11/3/2020 8:10
Y97C87219,WCEarlyAIT,WCEarlyAIT,0,11/3/2020 8:10
Y97C87251,WCEarlyAIT,WCEarlyAIT,0,11/3/2020 8:10
Y2EC36004,WCEarlyAIT,WCEarlyAIT,0,11/3/2020 8:10
Y2ZC26621,WCEarlyAIT,WCEarlyAIT,0,11/3/2020 8:10
Y97C87729,WCEarlyAIT,WCEarlyAIT,0,11/3/2020 8:10
Y2EC35949,WCEarlyAIT,WCEarlyAIT,0,11/3/2020 8:10
Y95C80598,WCEarlyAIT,WCEarlyAIT,0,11/3/2020 8:10
Y2EC36215,WCEarlyAIT,WCEarlyAIT,0,11/3/2020 8:10
Y2EC33487,WCEarlyAIT,WCEarlyAIT,0,11/3/2020 8:10
Y2EC36161,WCEarlyAIT,WCEarlyAIT,0,11/3/2020 8:10
Y97C87622,WCEarlyAIT,WCEarlyAIT,0,11/3/2020 8:10
Y97C87701,WCEarlyAIT,WCEarlyAIT,0,11/3/2020 8:10
Y2EC34994,WCEarlyAIT,WCEarlyAIT,70,11/3/2020 8:10
Y95C80646,WCEarlyAIT,WCEarlyAIT,70,11/3/2020 8:10
Y2EC36110,WCEarlyAIT,WCEarlyAIT,0,11/3/2020 8:10
Y95C80739,WCEarlyAIT,WCEarlyAIT,0,11/3/2020 8:10
Y95C80744,WCEarlyAIT,WCEarlyAIT,0,11/3/2020 8:10
Y95C80647,WCEarlyAIT,WCEarlyAIT,0,11/3/2020 8:10
Y2EC36054,WCEarlyAIT,WCEarlyAIT,0,11/3/2020 8:10
Y2EC33968,WCEarlyAIT,WCEarlyAIT,0,11/3/2020 8:10
Y2EC36114,WCEarlyAIT,WCEarlyAIT,0,11/3/2020 8:10
Y97C87632,WCEarlyAIT,WCEarlyAIT,0,11/3/2020 8:10
Y2ZC26619,WCEarlyAIT,WCEarlyAIT,0,11/3/2020 8:10
Y97C87749,WCEarlyAIT,WCEarlyAIT,0,11/3/2020 8:10
Y2EC36115,WCEarlyAIT,WCEarlyAIT,0,11/3/2020 8:10
Y2EC35308,WCEarlyAIT,WCEarlyAIT,0,11/3/2020 8:10
Y2EC32800,WCEarlyAIT,WCEarlyAIT,0,11/3/2020 8:10
Y2EC33496,WCEarlyAIT,WCEarlyAIT,0,11/3/2020 8:10
Y2EC35900,WCEarlyAIT,WCEarlyAIT,0,11/3/2020 8:10
Y97C87610,WCEarlyAIT,WCEarlyAIT,0,11/3/2020 8:10
Y97C87574,WCEarlyAIT,WCEarlyAIT,0,11/3/2020 8:10
Y97C87735,WCEarlyAIT,WCEarlyAIT,0,11/3/2020 8:10
Y2EC36000,WCEarlyAIT,WCEarlyAIT,70,11/3/2020 8:10
Y95C80040,WCEarlyAIT,WCEarlyAIT,0,11/3/2020 8:10
Y97C87501,WCEarlyAIT,WCEarlyAIT,0,11/3/2020 8:10
Y97C87234,WCEarlyAIT,WCEarlyAIT,0,11/3/2020 8:10
Y97C87179,WCEarlyAIT,WCEarlyAIT,0,11/3/2020 8:10
Y97C87642,WCEarlyAIT,WCEarlyAIT,0,11/3/2020 8:10
Y2EC36164,WCEarlyAIT,WCEarlyAIT,0,11/3/2020 8:10
Y97C86963,WCEarlyAIT,WCEarlyAIT,0,11/3/2020 8:10
Y95C80654,WCEarlyAIT,WCEarlyAIT,0,11/3/2020 8:10
Y97C87688,WCEarlyAIT,WCEarlyAIT,0,11/3/2020 8:10
Y2EC36216,WCEarlyAIT,WCEarlyAIT,0,11/3/2020 8:10
Y95C80762,WCEarlyAIT,WCEarlyAIT,70,11/3/2020 8:10
Y95C80682,WCEarlyAIT,WCEarlyAIT,0,11/3/2020 8:10
Y97C87728,WCEarlyAIT,WCEarlyAIT,0,11/3/2020 8:10
Y2EC36224,WCEarlyAIT,WCEarlyAIT,0,11/3/2020 8:10
Y97C87334,WCEarlyAIT,WCEarlyAIT,0,11/3/2020 8:10
Y95C80700,WCEarlyAIT,WCEarlyAIT,0,11/3/2020 8:10
Y2EC35908,WCEarlyAIT,WCEarlyAIT,0,11/3/2020 8:10
Y2EC36118,WCEarlyAIT,WCEarlyAIT,0,11/3/2020 8:10
Y2EC36048,WCEarlyAIT,WCEarlyAIT,0,11/3/2020 8:10
Y2EC35927,WCEarlyAIT,WCEarlyAIT,0,11/3/2020 8:10
Y2EC36155,WCEarlyAIT,WCEarlyAIT,70,11/3/2020 8:10
Y97C87671,WCEarlyAIT,WCEarlyAIT,0,11/3/2020 8:10
Y2EC36213,WCEarlyAIT,WCEarlyAIT,0,11/3/2020 8:10
Y97C87666,WCEarlyAIT,WCEarlyAIT,70,11/3/2020 8:10
Y2EC36049,WCEarlyAIT,WCEarlyAIT,0,11/3/2020 8:10
Y95C80704,WCEarlyAIT,WCEarlyAIT,0,11/3/2020 8:10
Y97C87339,WCEarlyAIT,WCEarlyAIT,0,11/3/2020 8:10
Y97C87725,WCEarlyAIT,WCEarlyAIT,0,11/3/2020 8:10
Y2ZC26249,WCEarlyAIT,WCEarlyAIT,0,11/3/2020 8:10
Y2EC36051,WCEarlyAIT,WCEarlyAIT,0,11/3/2020 8:10
Y97C87653,WCEarlyAIT,WCEarlyAIT,0,11/3/2020 8:10
Y2ZC26728,WCEarlyAIT,WCEarlyAIT,0,11/3/2020 8:10
Y97C87538,WCEarlyAIT,WCEarlyAIT,70,11/3/2020 8:10
Y2EC36189,WCEarlyAIT,WCEarlyAIT,0,11/3/2020 8:10
Y95C80587,WCEarlyAIT,WCEarlyAIT,0,11/3/2020 8:10
Y2EC36116,WCEarlyAIT,WCEarlyAIT,0,11/3/2020 8:10
Y97C87745,WCEarlyAIT,WCEarlyAIT,0,11/3/2020 8:10
Y97C87677,WCEarlyAIT,WCEarlyAIT,0,11/3/2020 8:10
Y97C87317,WCEarlyAIT,WCEarlyAIT,70,11/3/2020 8:10
Y2EC36248,WCEarlyAIT,WCEarlyAIT,0,11/3/2020 8:10
Y2EC36201,WCEarlyAIT,WCEarlyAIT,70,11/3/2020 8:10
Y97C87356,WCEarlyAIT,WCEarlyAIT,0,11/3/2020 8:10
Y97C87386,WCEarlyAIT,WCEarlyAIT,0,11/3/2020 8:10
Y2ZC26277,WCEarlyAIT,WCEarlyAIT,0,11/3/2020 8:10
Y2EC36122,WCEarlyAIT,WCEarlyAIT,0,11/3/2020 8:10
Y2EC36228,WCEarlyAIT,WCEarlyAIT,0,11/3/2020 8:10
Y97C87593,WCEarlyAIT,WCEarlyAIT,0,11/3/2020 8:10
Y97C87709,WCEarlyAIT,WCEarlyAIT,0,11/3/2020 8:10
Y97C87446,WCEarlyAIT,WCEarlyAIT,0,11/3/2020 8:10
Y95C80727,WCEarlyAIT,WCEarlyAIT,0,11/3/2020 8:10
